video_id,episode_id,start_time_s,end_time_s,n_segments,category
V002,1,1440.06,1644.68,3,Screen Recorder
V005,1,18.0,88.99,10,Quinan
V005,2,757.95,760.95,1,Google
V005,3,1340.9,1344.9,1,Google
V005,4,1614.88,1616.88,1,Google
V006,1,0.0,280.0,1,Quinan
V006,2,767.0,924.0,2,Quinan
V006,3,1266.0,1308.0,7,Otro sitio
V006,4,1315.0,1338.0,4,Google (Mat)
V007,1,879.95,880.94,1,Google
V007,2,1179.25,1181.24,2,Google
V007,3,1239.11,1395.33,1,Otro sitio
V008,1,737.81,739.86,1,Google
V008,2,749.07,750.09,1,Google
V008,3,880.05,882.1,1,Google
V008,4,891.31,892.33,1,Google
V008,5,1479.72,1485.86,1,Juegos
V008,6,1994.44,1999.56,2,Juegos
V008,7,2078.36,2079.38,1,Juegos
V009,1,7.91,13.84,1,Quinan
V009,2,765.41,1074.94,1,Quinan
V014,1,0.0,14.08,8,Quinan
V015,1,0.0,3.6,1,Quinan
V016,1,0.0,33.4,4,Quinan
V017,1,0.0,8.18,5,Quinan
V018,1,0.0,7.08,2,Quinan
V018,2,217.42,254.84,3,Otro sitio
V018,3,287.2,326.63,27,Quinan
V018,4,366.07,370.84,1,Otro sitio
V019,1,0.0,34.23,4,Quinan
V020,1,919.65,972.05,1,Quinan
V020,2,1703.66,1800.25,2,Quinan
V020,3,1804.36,1843.41,1,Quinan
V020,4,1897.87,1950.27,1,Quinan
V021,1,152.23,160.03,2,Juegos
V021,2,351.29,470.34,5,Juegos
V021,3,639.16,699.66,16,Quinan
V021,4,736.74,795.29,19,Juegos
V021,5,838.23,875.31,7,Quinan
V021,6,1347.61,1358.34,4,Google
V021,7,1700.85,1710.61,4,Google
V021,8,1714.51,1725.25,6,Google
V021,9,2280.49,2318.54,2,Quinan
V021,10,2888.42,2896.23,1,Google
V021,11,3168.48,3169.46,1,Wikipedia
V021,12,3178.24,3213.37,15,Google
V021,13,3499.28,3501.24,2,Google
V022,1,1130.4,1139.56,1,Quinan
V022,2,1358.51,1379.9,1,Quinan
V022,3,1464.42,1470.53,1,Quinan
V022,4,1474.61,1483.77,1,Quinan
V024,1,918.34,963.86,1,Quinan
V024,2,1034.12,1199.38,1,Quinan
V024,3,1326.05,1640.74,1,Quinan
V024,4,2200.85,2253.29,1,Quinan
V024,5,2530.38,2571.94,1,Quinan
V025,1,100.49,136.59,1,Quinan
V025,2,320.01,464.4,1,Quinan
V025,3,475.13,527.81,1,Quinan
V026,1,25.09,40.15,2,Quinan
V027,1,1580.91,1945.89,1,Quinan
V027,2,2393.82,2428.95,1,Quinan
V028,1,1532.97,1541.02,3,Screen Recorder
V028,2,1601.37,1609.42,3,Screen Recorder
V028,3,1633.56,1644.63,5,Screen Recorder
V028,4,2650.51,3344.4,3,Screen Recorder
V029,1,878.33,919.35,1,Quinan
V029,2,1100.42,1135.43,1,Quinan
V033,1,1965.04,2119.53,1,Otro sitio
V033,2,2164.84,2317.27,1,Otro sitio
V033,3,2325.5,2853.84,1,Otro sitio
V033,4,2877.53,3070.12,1,Otro sitio
V034,1,1729.27,1797.8,1,Otro sitio
V034,2,1877.6,2028.75,1,Otro sitio
V034,3,2075.69,2263.45,1,Otro sitio
V034,4,2275.65,2584.51,1,Otro sitio
V034,5,2592.03,2802.32,1,Otro sitio
V034,6,2845.5,3022.0,1,Otro sitio
V035,1,82.69,137.82,1,Quinan
V035,2,249.1,288.91,1,Quinan
V035,3,301.16,508.4,1,Quinan
V035,4,2336.82,2513.44,1,Otro sitio
V035,5,2525.69,3361.8,1,Otro sitio
V036,1,1814.3,2033.08,31,Quinan
V036,2,2039.0,3073.61,65,Quinan
V037,1,132.21,136.19,1,Juegos
V037,2,142.15,145.14,1,Juegos
V037,3,151.1,278.34,11,Juegos
V037,4,303.19,309.16,2,Juegos
V037,5,313.13,330.03,4,Juegos
V037,6,348.92,462.25,98,Juegos
V037,7,1142.19,1179.97,11,Juegos
V037,8,1305.22,1533.86,212,Juegos
V037,9,3415.65,3423.6,1,Google
V037,10,3450.44,3492.19,2,Google
V037,11,3653.23,3661.19,1,Google
V038,1,2536.8,3728.26,1,Otro sitio
V039,1,2143.49,2217.3,1,Otro sitio
V039,2,2244.75,2680.07,2,Otro sitio
V040,1,2262.1,2383.65,1,Otro sitio
V040,2,2408.37,4536.43,1,Otro sitio
V041,1,3137.75,3148.94,2,Otro sitio
V041,2,3349.31,3360.5,2,Otro sitio
V041,3,3540.52,3552.73,3,Otro sitio
V041,4,3720.55,3731.74,2,Otro sitio
V042,1,816.0,887.0,1,Otro sitio
V043,1,3099.23,3113.68,3,Google
V043,2,3132.27,3154.98,3,Google
V043,3,3263.38,3277.83,3,Google
V043,4,3296.42,3382.1,7,Google
V043,5,3426.5,3440.95,3,Google
V043,6,3459.53,3505.99,5,Google
V043,7,3524.57,3558.64,4,Google
V043,8,5361.19,5390.1,2,Otro sitio
V044,1,2026.5,2123.63,3,Quinan
V044,2,2441.62,2511.14,1,Quinan
V046,1,3066.85,3073.67,1,Otro sitio
V046,2,3220.78,3341.58,3,Otro sitio
V046,3,3388.34,3401.98,1,Otro sitio
V046,4,3556.88,3557.86,1,Otro sitio
V046,5,3586.11,3647.49,4,Otro sitio
V046,6,3661.12,3685.48,8,Otro sitio
V046,7,5177.99,5191.63,2,Otro sitio
V047,1,1702.47,1745.86,2,Quinan
V047,2,3288.88,3342.37,1,Otro sitio
V047,3,3500.81,3598.7,1,Otro sitio
V047,4,3717.78,3815.67,1,Otro sitio
V047,5,3927.69,4025.58,1,Otro sitio
V047,6,4091.17,4104.29,1,Otro sitio
V047,7,4137.6,4211.27,1,Otro sitio
V047,8,4395.94,4432.27,5,Google (Mat)
V047,9,5051.9,5052.91,1,Otro sitio
V047,10,5238.6,5239.61,1,Otro sitio
V048,1,3536.59,3605.35,1,Quinan
V048,2,3749.3,3814.83,1,Quinan
V048,3,3930.86,4107.04,1,Quinan
V048,4,4139.27,4419.67,2,Quinan
V048,5,4623.78,4624.86,1,Otro sitio
V048,6,4828.97,4830.05,1,Otro sitio
V049,1,4752.39,4798.28,3,Google
V049,2,5385.89,5419.47,2,Otro sitio
V049,3,5552.66,5585.12,1,Otro sitio
V050,1,387.08,444.03,2,Quinan
V051,1,171.48,293.97,3,Quinan
V051,2,356.69,490.93,5,Quinan
V051,3,532.09,585.98,12,Quinan
V051,4,670.26,707.49,6,Quinan
V051,5,742.77,745.71,1,Quinan
V051,6,903.47,968.15,28,Quinan
V051,7,994.61,996.57,1,Quinan
V051,8,1088.68,1293.48,35,Quinan
V051,9,1306.22,1363.05,8,Quinan
V051,10,1429.69,1466.92,8,Quinan
V051,11,1480.64,1580.59,9,Quinan
V051,12,1614.89,1726.6,26,Quinan
V051,13,1740.32,1775.59,6,Quinan
V052,1,1240.16,1319.83,3,Quinan
V052,2,1333.26,2098.67,3,Quinan
V053,1,0.0,10.2,1,Quinan
V053,2,911.57,3129.3,2,Quinan
V054,1,172.96,176.13,2,Google (Mat)
V054,2,179.29,204.6,2,Otro sitio
V054,3,508.34,562.13,4,Otro sitio
V054,4,596.93,653.89,1,Quinan
V055,1,996.68,1035.25,1,Quinan
V056,1,996.68,1035.25,1,Quinan
V057,1,996.68,1035.25,1,Quinan
V059,1,64.87,106.5,3,Quinan
V059,2,155.88,194.6,5,Quinan
V059,3,415.35,446.33,3,Quinan
V059,4,481.18,531.53,8,Quinan
V059,5,582.84,636.09,2,Quinan
V059,6,753.24,862.64,5,Quinan
V060,1,48.12,121.72,1,Quinan
V060,2,768.04,809.56,2,Quinan
V060,3,1442.67,1487.02,1,Quinan
V061,1,382.86,416.4,5,Quinan
V061,2,1614.31,1670.55,13,Quinan
V061,3,1802.78,1809.68,1,Screen Recorder
V061,4,2366.2,2367.19,1,Otro sitio
V061,5,2377.06,2392.85,7,Juegos
V061,6,2553.68,2585.26,14,Juegos
V061,7,2638.54,2734.26,35,Juegos
V061,8,2762.87,3632.11,3,Juegos
V062,1,165.05,223.72,2,Quinan
V063,1,0.0,217.3,7,Quinan
V063,2,2085.87,2204.49,9,Quinan
V063,3,2218.14,2369.3,15,Quinan
V063,4,2812.3,2863.74,2,Quinan
V064,1,431.73,510.32,7,Quinan
V064,2,594.01,674.64,5,Quinan
V064,3,792.01,837.94,7,Quinan
V064,4,846.1,909.38,1,Quinan
V064,5,918.57,983.89,5,Quinan
V064,6,1320.7,1594.23,8,Quinan
V064,7,2296.42,3598.0,3,Quinan
V068,1,0.0,42.0,1,Quinan
V068,2,310.0,343.0,2,Quinan
V068,3,771.0,827.0,1,Quinan
V068,4,1050.0,1164.0,1,Quinan
V068,5,2087.0,2140.0,4,Quinan
V068,6,2788.0,2831.0,1,Quinan
V069,1,6.03,7.04,1,Quinan
V069,2,117.68,189.09,6,Quinan
V069,3,783.5,865.98,3,Quinan
V069,4,2449.08,3435.75,5,Quinan
V069,5,3524.25,4755.33,3,Quinan
V070,1,228.0,292.0,3,Quinan
V070,2,359.0,406.0,7,Quinan
V070,3,489.0,527.0,2,Quinan
V070,4,1061.0,1556.0,1,Quinan
V070,5,3247.0,3354.0,7,Quinan
V070,6,3452.0,3497.0,2,Quinan
V070,7,3512.0,3735.0,4,Otro sitio
V070,8,3756.0,3981.0,4,Quinan
V070,9,4013.0,4022.0,1,Otro sitio
V070,10,4183.0,4245.0,2,Otro sitio
V071,1,2.0,199.0,2,Quinan
V071,2,1077.0,1086.0,1,Quinan
V071,3,1201.0,1216.0,2,Quinan
V071,4,1251.0,1257.0,3,Juegos
V071,5,1331.0,1351.0,3,Quinan
V071,6,1432.0,1433.0,1,Google
V071,7,1510.0,1554.0,12,Otro sitio
V071,8,1568.0,1574.0,2,Otro sitio
V071,9,1578.0,1579.0,1,Otro sitio
V071,10,1751.0,1756.0,3,Otro sitio
V071,11,1964.0,1997.0,5,Quinan
V071,12,2087.0,2088.0,1,Otro sitio
V071,13,2238.0,2244.0,4,Google
V071,14,2257.0,2313.0,42,YouTube
V071,15,2321.0,2328.0,2,Google
V071,16,2668.0,2755.0,57,YouTube
V071,17,3079.0,3080.0,1,Google
V071,18,3090.0,3094.0,3,YouTube
V071,19,3248.0,3699.0,35,Otro sitio
V071,20,4039.0,4085.0,2,Otro sitio
V071,21,4318.0,4323.0,1,Google
V071,22,4343.0,4511.0,133,YouTube
V072,1,188.0,260.0,1,Quinan
V072,2,265.0,297.0,5,Quinan
V072,3,334.0,387.0,11,Quinan
V072,4,391.0,673.0,10,Quinan
V072,5,1450.0,1520.0,2,Quinan
V072,6,1525.0,1679.0,14,Quinan
V072,7,1683.0,2143.0,11,Quinan
V072,8,2147.0,2615.0,3,Quinan
V072,9,2628.0,3128.0,11,Quinan
V072,10,4817.0,5191.0,1,Quinan
V073,1,323.32,396.4,6,Quinan
V073,2,409.41,471.47,2,Quinan
V073,3,525.52,582.58,8,Quinan
V073,4,585.59,644.64,4,Quinan
V073,5,661.66,728.73,16,Quinan
V073,6,732.73,776.78,9,Quinan
V073,7,814.81,885.88,2,Quinan
V073,8,959.96,968.97,2,Quinan
V073,9,1095.09,1228.23,28,Quinan
V073,10,1439.44,1637.64,2,Quinan
V073,11,1685.68,1734.73,3,Quinan
V073,12,1867.87,2074.07,10,Quinan
V073,13,2136.13,2202.2,5,Quinan
V073,14,2278.28,2364.36,7,Quinan
V073,15,2372.37,2448.45,5,Quinan
V073,16,2626.62,2845.84,2,Quinan
V073,17,2883.88,3050.05,5,Quinan
V073,18,3272.27,3324.32,11,Quinan
V073,19,3427.42,3501.5,5,Quinan
V073,20,3505.5,3563.56,4,Quinan
V073,21,3718.72,3942.94,19,Quinan
V073,22,3947.94,5087.08,2,Quinan
V073,23,5090.09,5092.45,1,Screen Recorder
V074,1,725.0,894.0,2,Quinan
V074,2,1096.0,1168.0,6,Quinan
V074,3,1206.0,1267.0,2,Quinan
V074,4,4008.0,4009.0,1,Otro sitio
V075,1,306.45,320.29,2,Otro sitio
V075,2,379.6,380.59,1,Otro sitio
V076,1,50.45,52.55,1,Quinan
V076,2,683.11,690.47,1,Quinan
V076,3,1328.39,1350.46,7,Quinan
V077,1,0.0,38.64,1,Quinan
V077,2,944.69,950.79,1,Quinan
V077,3,1662.61,1703.28,1,Otro sitio
V077,4,1826.33,1832.43,1,Otro sitio
V077,5,1886.32,2044.96,7,Quinan
V077,6,2058.18,3734.01,7,Quinan
V078,1,2013.0,2014.0,1,Quinan
V080,1,1833.2,1839.15,2,Otro sitio
V080,2,1890.7,1894.67,1,Juegos
V080,3,2044.38,2075.11,1,Juegos
V080,4,2139.56,2539.11,39,Juegos
V080,5,2598.6,2757.23,13,Juegos
V080,6,2770.12,2906.94,20,Juegos
V083,1,418.0,581.0,1,Quinan
V083,2,928.0,966.0,7,Otro sitio
V083,3,1426.0,1441.0,1,Quinan
V083,4,1516.0,1559.0,2,Quinan
V083,5,2001.0,2172.0,3,Otro sitio
V083,6,2193.0,2193.0,1,Otro sitio
V084,1,1833.2,1839.15,2,Otro sitio
V084,2,1890.7,1894.67,1,Juegos
V084,3,2044.38,2075.11,1,Juegos
V084,4,2139.56,2539.11,39,Juegos
V084,5,2598.6,2757.23,13,Juegos
V084,6,2770.12,2906.94,20,Otro sitio
V086,1,931.0,954.0,16,Juegos
V086,2,2135.0,2137.0,1,Otro sitio
V086,3,2911.0,2912.0,1,Google (Mat)
V087,1,80.31,85.26,2,Otro sitio
V087,2,98.15,113.03,1,Otro sitio
V087,3,195.32,196.31,1,YouTube
V087,4,202.26,204.24,2,YouTube
V087,5,1556.58,1566.5,1,Quinan
V087,6,1592.27,1610.12,1,Quinan
V087,7,1908.55,1909.54,1,YouTube
V087,8,1918.46,1921.44,2,YouTube
V087,9,2472.68,2579.76,95,YouTube
V087,10,2603.56,2634.29,27,YouTube
V087,11,2679.9,3014.02,275,YouTube
V087,12,3017.98,3585.09,417,YouTube
V088,1,565.0,599.0,4,Quinan
V088,2,841.0,921.0,3,Quinan
V088,3,926.0,983.0,5,Quinan
V088,4,1466.0,1592.0,7,Quinan
V088,5,1639.0,1704.0,6,Quinan
V088,6,2052.0,2083.0,9,Quinan
V090,1,621.43,655.23,2,Quinan
V090,2,2124.79,2127.77,1,Quinan
V090,3,2142.69,2146.66,1,Quinan
V090,4,2269.95,2293.82,8,Otro sitio
V090,5,2564.26,2588.13,5,Juegos
V092,1,10.0,17.0,1,Otro sitio
V092,2,1459.0,1576.0,1,Quinan
V092,3,1855.0,1892.0,1,Quinan
V092,4,1981.0,2026.0,1,Quinan
V093,1,905.59,977.76,1,Quinan
V093,2,1113.2,1222.94,1,Quinan
V094,1,1103.32,1103.62,1,Screen Recorder
V095,1,596.0,603.0,1,Juegos
V095,2,630.0,632.0,1,Juegos
V095,3,1247.0,1293.0,2,Google
V095,4,1303.0,1351.0,6,Otro sitio
V095,5,1408.0,1409.0,1,GeoGebra
V095,6,1524.0,1529.0,1,Otro sitio
V095,7,1563.0,1596.0,1,Otro sitio
V095,8,1607.0,1612.0,1,Otro sitio
V095,9,1641.0,1647.0,2,Otro sitio
V095,10,1696.0,1736.0,7,Otro sitio
V095,11,1905.0,1967.0,2,Otro sitio
V095,12,1990.0,1993.0,1,Quinan
V095,13,2598.0,2618.0,1,Otro sitio
V095,14,2625.0,2643.0,5,Juegos
V095,15,2648.0,3583.77,66,Juegos
V096,1,814.66,828.62,3,Google
V096,2,871.5,906.4,6,Otro sitio
V096,3,1066.93,1120.78,1,Quinan
V096,4,1948.4,1980.31,1,Quinan
V096,5,2050.11,2075.04,6,Otro sitio
V096,6,2083.01,2091.99,2,Otro sitio
V096,7,2183.72,2189.71,2,Quinan
V096,8,2615.48,2616.48,1,Screen Recorder
V097,1,3022.0,3568.0,24,Otro sitio
V098,1,906.0,909.0,1,Juegos
V098,2,1343.0,1363.0,2,Otro sitio
V098,3,1370.0,1435.0,8,Google
V098,4,1561.0,1767.0,6,YouTube
V098,5,1819.0,1850.0,15,YouTube
V098,6,1858.0,1904.0,11,YouTube
V098,7,1955.0,2019.0,10,YouTube
V098,8,2025.0,2033.0,1,YouTube
V098,9,2104.0,2144.0,3,YouTube
V098,10,2290.0,2330.0,13,YouTube
V099,1,1238.0,1385.0,1,Otro sitio
V099,2,1470.0,1472.0,1,Screen Recorder
V100,1,1307.22,1344.68,1,Quinan
V100,2,1621.7,1662.12,1,Quinan
V100,3,1910.55,1914.49,1,Quinan
